id,state_nm,country,Meal,Meal2,McMeal,Domestic_Beer,Imported_Beer,Cappuccino,Coke,Water,Milk,Bread,Rice,Eggs,Cheese
0,32,In,4.9,22.04,4.28,1.84,3.67,1.78,0.48,0.19,0.73,0.51,0.88,1.01,4.32
1,32,Ch,5.59,40.51,5.59,1.12,4.19,3.96,0.52,0.32,2.68,2.57,1.18,2.17,18.01
2,32,In,2.54,22.25,3.5,2.02,3.18,2.19,0.59,0.27,1.28,1.21,0.83,1.7,6.66
3,32,Ph,3.54,27.4,3.54,1.24,1.9,2.91,0.93,0.51,1.63,1.19,0.89,1.73,5.06
4,32,So,7.16,52.77,6.03,3.02,4.52,3.86,1.46,0.78,2.13,2.78,3.66,4.02,11.13
5,33,Th,2.6,28.09,5.62,2.25,4.21,2.06,0.5,0.26,1.61,1.86,1.44,1.96,15.94
6,31,In,2,14.69,3.67,2.2,3.67,1.6,0.36,0.15,0.63,0.37,0.69,0.91,4.85
7,32,Ch,4.05,27.94,4.89,0.84,1.68,3.41,0.44,0.32,1.88,1.6,1.01,1.68,8.83
8,31,In,3.67,18.36,3.67,2.45,4.28,2.49,0.46,0.19,0.74,0.5,0.84,0.97,5.81
9,34,Ch,4.19,30.73,5.59,1.4,4.05,4.55,0.51,0.43,1.97,2.07,1.2,1.85,12.66
10,30,Ja,7.22,43.31,5.47,3.25,3.61,3.19,1.17,0.78,1.36,1.43,4.78,1.69,10.78
11,32,Ni,3.38,45.06,6.76,1.13,1.8,3.4,0.39,0.26,3.79,1.37,2.82,2.15,4.86
12,32,Pa,2.23,11.14,3.56,2.12,2.67,1.39,0.29,0.18,0.79,0.46,1.09,1.13,4.91
13,31,Ba,1.87,11.24,4.68,5.62,4.92,1.89,0.27,0.15,0.79,0.64,0.67,1.25,6.92
14,31,Br,7.45,37.27,6.52,2.24,3.35,1.51,1.08,0.75,1.26,1.53,1.18,2.22,9.99
15,32,Ja,7.22,43.31,5.05,4.3,5.05,3.42,1.21,0.82,1.37,1.6,3.33,1.88,14.75
16,32,Ru,13.1,65.5,6.55,4.09,4.09,3.42,1.3,0.74,1.43,0.86,1.94,1.87,13.1
17,32,Ch,4.19,27.94,4.89,1.12,3.91,4.14,0.47,0.33,2.2,2.36,0.98,2.09,13.66
18,32,Me,7.78,39.95,6.75,2.59,4.1,2.75,1.03,0.75,1.33,2,1.47,1.98,7.8
19,30,Eg,4.07,20.36,4.07,1.63,2.55,1.76,0.26,0.15,0.82,0.51,0.7,1.29,3.29
20,30,Un,25,100,10,8,10,5.38,2.72,2.32,1.25,4.13,7.95,3.93,16.58
21,29,Tu,5.36,24.14,4.29,2.68,3.22,1.84,0.88,0.31,0.96,0.51,1.65,1.75,5.96
22,25,Ar,6.4,25,5,1.79,2.4,1.75,1,0.81,0.77,1.28,0.95,1.38,6.54
23,30,In,3.06,18.36,4.28,2.11,3.67,2.01,0.46,0.18,0.58,0.57,0.76,0.97,6.52
24,31,Ir,4,29.19,4.96,0.88,1.94,1.49,0.88,0.76,0.81,0.53,3.79,1.32,4.13
25,29,Ch,2.79,24.3,4.96,1.12,2.79,3.61,0.41,0.29,1.94,1.46,1.15,2.11,14.53
26,28,In,2.2,12.24,4.9,2.2,4.28,1.61,0.44,0.18,0.6,0.5,0.68,0.85,5.99
27,29,Pa,1.56,17.82,3.56,3.01,4.01,1.79,0.22,0.17,0.69,0.66,0.96,1.04,5.76
28,31,Ch,4.19,27.94,6.29,1.4,2.1,3.49,0.45,0.28,1.88,1.52,0.93,1.22,14.32
29,29,Fr,15.58,62.32,10.39,7.27,6.23,3.8,2.84,2.4,1.25,2.08,2.17,3.58,17.2
30,27,Un,18.02,80.48,8.41,7.09,6.01,3.96,2.01,1.64,1.32,1.24,2.09,2.86,7.76
31,30,In,2.45,12.24,5.26,1.84,3.67,2,0.45,0.18,0.75,0.55,0.68,0.9,5.77
32,28,Un,20,87.09,10,7.5,8,4.95,2.7,2.28,1.14,3.8,5.64,3.84,12.5
33,29,Vi,2.02,24.23,4.04,1.01,2.02,1.99,0.54,0.3,1.47,1.16,0.93,1.49,10.6
34,30,Ja,7.22,36.1,5.05,2.89,3.61,2.57,1,0.76,1.46,1.33,3.61,1.75,15.02
35,29,Ch,3.49,26.54,5.59,1.51,2.1,2.8,0.42,0.23,1.69,1.75,0.89,1.7,12.57
36,28,Br,6.52,27.95,6.52,1.86,2.8,1.53,1.09,0.75,1.03,1.48,1.15,1.82,8.06
37,30,Ch,2,13.97,3.91,2,2,2.79,0.46,2,1.96,1.12,0.42,1.01,2
38,25,Pe,3.84,23.06,5.12,2.05,3.84,2.57,0.83,0.54,1.19,1.8,1.08,1.78,6.82
39,31,An,7.84,64.25,10.51,2.2,1.5,3.93,1.95,1.42,2.49,2.58,1.54,3.68,5.46
40,29,Ch,3.14,18.86,4.89,0.77,1.4,3.49,0.4,0.28,1.4,1.4,0.7,1.22,11.17
41,28,Ch,2.79,20.95,4.19,1.12,1.96,2.68,0.41,0.21,1.68,1.08,0.58,1.07,2
42,29,Ch,2.79,20.95,4.19,1.12,1.96,2.68,0.41,0.25,2.28,1.08,0.58,1.07,2
43,25,Ch,2.1,16.76,4.19,0.77,2.23,3.21,0.44,0.28,1.73,1.67,0.71,1.45,17.46
44,27,Ch,2.79,13.97,5.24,1.12,2.1,3.4,0.7,0.28,1.75,1.05,0.98,2,8.38
45,29,Un,20,80,9.5,5.5,6.5,4.7,2.29,1.99,0.84,3.18,3.73,2.98,12.21
46,26,Ch,2.79,16.76,4.75,0.84,2.79,3.68,0.41,0.26,1.8,1.34,0.91,1.84,9.54
47,24,Vi,2.02,20.03,5.21,0.81,1.62,1.89,0.43,0.27,1.34,0.91,0.99,1.48,10.48
48,28,Ch,3.49,20.95,4.89,0.7,1.89,2.8,0.42,0.23,1.69,1.75,0.89,1.79,5.59
49,27,Ch,3.14,18.86,6.15,0.56,1.68,2.51,0.42,0.28,1.35,3.08,0.91,1.39,2
50,30,In,3.67,14.69,4.28,2.45,3.67,1.93,0.42,0.16,0.72,0.49,0.7,0.94,6.05
51,25,Ma,3.33,22.2,4,3.44,4.44,2.67,0.59,0.38,1.66,0.79,1.33,1.7,9.75
52,26,Ch,2,2,4.89,2,2,4.19,0.49,0.25,1.75,2.48,1.79,0.84,11.17
53,27,Co,3.06,18.34,4.48,1.02,2.04,1.11,0.57,0.48,0.83,0.97,0.79,1.48,3.9
54,26,In,2.45,12.24,3.67,3.37,5.51,1.67,0.45,0.19,0.71,0.54,0.72,1.04,6.08
55,27,Ch,2.79,20.95,4.89,0.84,1.68,3.25,0.42,0.28,1.72,1.6,0.77,1.68,13.97
56,25,Ch,3.07,20.95,4.54,0.88,1.4,2.99,0.47,0.31,2.18,1.64,1.08,1.83,7.68
57,26,Ch,2.79,16.76,4.64,2.44,1.4,2.93,0.31,0.21,1.58,1.18,0.88,1.42,10.48
58,26,Ch,3.14,27.94,4.89,0.7,2.17,3.69,0.44,0.33,2.22,1.78,0.83,1.98,7.68
59,26,Ch,2.79,20.95,4.19,1.12,1.96,2.68,0.41,0.25,1.88,1.08,0.58,1.07,14.32
60,27,Ch,2.79,22.35,4.89,0.84,2.1,3.2,0.44,0.28,1.55,1.54,0.87,1.34,8.85
61,27,Ch,2.1,20.95,4.19,0.7,2.1,3.49,0.44,0.26,1.82,1.54,0.61,1.68,5.59
62,28,Ta,2.14,24.66,6.65,1.07,1.72,1.8,0.31,0.26,1.03,0.6,0.93,1.89,8.79
63,25,Ch,8.76,43.79,6.57,3.28,3.83,2.47,1.07,0.89,1.02,1.28,1.41,2.79,9.42
64,28,Ho,7.68,64.02,5.51,6.4,6.4,5.08,1.17,1.05,3.1,2.28,2.01,3.4,24.25
65,28,Ch,2.79,20.95,4.64,0.63,1.4,2.93,0.35,0.21,1.58,1.18,0.88,1.42,13.62
66,26,Ch,2.79,16.76,4.89,0.7,2.51,3.35,0.41,0.27,1.77,1.09,1.64,1.51,10.43
67,27,Sa,6.65,53.22,6.92,1.6,1.86,3.84,0.78,0.23,1.81,0.86,2.21,2.74,6.79
68,26,Ch,3.07,20.95,4.54,0.88,1.4,2.99,0.47,0.28,2.18,1.64,1.08,1.83,7.68
69,28,Ch,2.3,17.46,5.45,0.84,2.79,2.79,0.49,0.26,1.54,0.7,0.42,1.01,9.78
70,29,Ch,4.19,31.43,5.59,0.84,2.1,3.6,0.52,0.3,2.41,1.86,1.05,1.95,20.13
71,24,Ch,4.19,16.76,5.83,0.7,2.1,3.91,0.42,0.35,1.75,2.48,1.79,0.84,11.17
72,26,Ch,2.3,20.95,4.4,,2.79,3.95,0.64,0.3,1.54,1.64,1.22,1.31,9.78
73,27,Un,20,100,9.5,6,8,4.64,2.19,2.03,1.14,3.14,5.48,3.92,12.08
74,26,Ch,2.44,27.94,5.24,1.05,2.1,3.31,0.52,0.24,1.85,2.68,1.75,1.68,14.43
75,29,Ch,3.14,20.25,5.24,4.19,6.98,4.19,0.35,0.28,1.82,1.75,0.7,1.22,2
76,25,Ch,2.79,22.35,4.89,1.12,2.1,3.49,0.44,0.28,1.75,1.16,0.77,2,2
77,26,Ch,3.84,20.95,4.19,4.19,4.89,3.77,0.49,0.28,1.54,2.17,0.98,3,21.65
78,25,Ir,4.72,22.85,8,1.83,3.5,2.45,0.46,0.2,1,0.79,1.21,1.64,4.28
79,23,Ch,3.63,24.44,5.45,0.84,2.03,3.45,0.42,0.24,2.23,1.63,0.93,1.5,13.97
80,27,Ch,3.07,20.95,4.54,0.88,1.4,2.99,0.47,0.28,2.18,1.64,1.08,1.83,7.68
81,25,Sp,12.46,51.93,8.31,3.64,3.64,2.2,2.33,1.66,0.89,1.08,1.2,2.38,10.5
82,24,Su,5,20,7,2.25,2.95,2.32,0.52,0.29,1.53,0.76,2.12,2.02,6.1
83,27,Ch,2.79,16.76,4.19,0.84,2.79,3.49,0.35,0.26,1.8,1.34,0.7,1.34,9.54
84,23,Ch,2.1,13.83,3.84,1.4,4.89,3.49,0.42,0.28,2.41,1.68,0.7,2.68,4
85,23,Eg,4.48,10.18,3.26,0.94,1.63,1.24,0.24,0.15,0.71,0.45,0.56,1.16,2.33
86,28,Un,19,67.5,8,6,8,4.6,2.33,1.52,1.26,3.57,4.46,3.46,13.21
87,26,Un,20,75,8,5,7,4.66,2.27,1.5,0.89,3.19,4.11,3,10.4
88,26,Ch,2.93,20.95,4.61,0.84,2.1,3.02,0.42,0.28,2,1.14,0.81,1.34,11.23
89,24,In,1.84,6.12,3.67,1.65,2.45,2.14,0.64,0.2,0.64,0.58,0.53,0.95,4.77
90,24,Ch,2.3,20.95,4.4,4,2.79,3.95,0.64,0.3,1.54,1.64,1.22,1.31,9.78
91,25,Ch,2.79,13.97,4.19,0.7,1.89,2.79,0.42,0.26,2.51,1.4,0.56,1.79,5.59
92,26,Ch,2.79,16.76,4.89,0.7,4,4.19,0.68,0.28,1.4,0.98,0.7,4,4
93,25,Ke,4.08,32.67,5.88,2.04,3.27,2.24,0.54,0.45,0.95,0.51,1.54,1.39,11.62
94,24,Ch,2,4,5.03,4,3,2.23,0.44,0.28,1.33,3,0.42,2.85,4
95,23,Ch,2.93,20.95,4.61,0.84,2.1,3.02,0.42,0.28,2,1.14,0.81,1.34,11.23
96,26,Me,7.78,31.13,6.23,1.82,3.11,2.5,0.98,0.65,1.15,1.9,1.51,1.68,6.37
97,26,Un,16.5,75,9,5.31,6,4.74,2.24,1.73,0.95,3.02,3.28,3.15,11.94
98,23,Un,15,65,8.25,6,6.25,4.67,2.06,1.68,0.88,2.67,4.57,2.86,12.34
99,24,Ca,18.61,81.9,9.68,5.21,6.33,3.59,1.95,1.51,2.49,2.56,2.85,2.95,11.53
100,23,Ch,4.89,38.41,6.43,2.79,5.59,4.49,0.85,0.33,2.7,3.49,1.43,3.79,24.68
101,25,Ch,2.79,16.76,4.89,0.7,1.89,3.05,0.47,0.26,1.96,1.71,0.66,1.79,8.03
102,24,Un,18,80,9,7.25,8,4.82,2.47,2.12,1.01,3.24,4.53,3.48,13.85
103,26,Si,10.92,60.06,5.82,7.28,8.74,4.44,1.46,1.04,2.57,1.96,2.7,2.78,19.61
104,24,My,2.93,20.95,4.61,0.84,2.1,3.02,0.42,0.28,2,1.14,0.81,1.34,11.23
105,22,Ch,20.95,9.78,4.19,2.1,2.1,3.96,0.56,0.4,1.54,2.17,0.98,2.1,21.65
106,22,Ch,2.79,22.35,4.89,0.84,2.1,3.2,0.38,0.28,1.55,1.54,0.68,1.34,8.85
107,25,Ch,2.93,17.46,4.19,0.84,2.1,3.72,0.44,0.28,1.8,1.26,0.84,1.56,10.43
108,24,Br,4.1,27.95,5.59,1.58,2.24,1.26,0.93,0.5,0.89,1.37,1.8,1.72,7.77
109,22,Ch,4.19,20.95,4.54,1.4,2.79,1.96,0.65,0.26,1.4,1.44,0.81,2.22,4.19
110,23,Ch,2.79,20.95,4.89,0.77,1.75,2.7,0.41,0.31,2.79,2.79,0.81,2.1,8.85
111,23,In,2.75,9.79,3.67,1.84,3.67,1.35,0.37,0.18,0.74,0.52,0.69,0.9,5.4
112,23,Eg,4.07,16.29,3.67,2.04,4.07,1.39,0.25,0.15,0.76,0.45,0.62,1.1,2.69
113,21,Au,13.41,80.47,9.36,6.37,6.2,3.07,2.19,1.98,1.36,2.27,1.85,3.67,7.66
114,22,Sp,14.54,62.32,9.35,3.12,3.64,2.32,2.15,1.49,0.98,1.48,1.33,2.59,12.13
115,22,Un,20,100,10.6,7,8,4.89,2.36,2.07,1.09,3.92,4.04,3.45,16.08
116,24,Ch,3.14,20.25,5.24,4.19,6.98,4.19,0.35,0.28,1.82,1.75,0.7,1.22,12.13
117,23,Ch,2.79,22.35,3.35,0.84,2.1,3.2,0.42,0.28,1.4,1.54,0.84,1.34,12.13
118,24,Ch,1.12,22.35,3.49,0.42,1.4,2.1,0.42,0.14,0.85,1.54,0.87,1.34,8.85
119,23,Ch,2.1,9.78,4.19,4.19,6.98,3.96,0.56,0.4,1.82,2.1,0.98,3.45,16.06
120,22,Ch,2.93,17.46,4.19,0.84,1.4,3.49,0.44,0.28,1.8,1.05,0.84,1.56,10.43
121,24,Au,15.42,80.47,9.05,6.71,6.71,3.21,2.56,2.27,1.32,2.23,2.13,3.58,8.76
122,23,Ch,3.49,27.88,4.89,0.84,1.68,4.1,0.49,0.31,1.66,1.22,0.88,1.73,18.58
123,24,Ch,2.79,13.97,6.43,0.7,2.1,2.51,0.35,0.24,1.4,2.23,0.7,1.68,13.27
124,22,So,8.78,38.06,4.36,2.34,2.34,1.87,0.92,0.74,1.09,0.9,1.51,2.14,6.76
125,25,Ch,3.49,16.76,5.94,1.75,2.79,2.79,0.44,0.47,1.82,1.4,0.91,1.34,6.98
126,23,Ch,2.79,16.76,5.59,0.7,2.1,2.33,0.31,0.28,1.44,1.54,0.84,1.76,13.27
127,21,Ch,4.19,20.95,3.35,1.4,2.1,2.1,0.45,0.28,1.88,1.52,0.93,1.22,14.32
128,21,Mo,3.63,18.61,6.05,2.79,3.72,1.75,0.44,0.32,0.68,0.47,1.38,1.18,7.47
129,24,Af,1.67,5.56,3.06,0.7,2.1,0.92,0.22,0.13,0.59,0.23,1.21,1.18,3.33
130,22,Un,18,70,10,6,6,5.14,2.51,1.86,0.85,3.15,4.21,3.55,11.55
131,24,Ch,2.3,20.95,4.4,1.4,2.79,2.1,0.49,0.3,1.4,1.64,0.84,1.31,9.78
132,23,Ch,2.79,16.76,4.19,1.4,3,3.7,0.44,0.44,1.36,1.26,0.84,1.54,10.43
133,25,Jo,5.64,42.31,7.05,7.05,7.05,4.08,0.54,0.39,1.47,0.52,1.67,1.97,7.43
134,23,Ch,2.79,16.76,5.59,0.7,2.1,2.33,0.42,0.28,1.47,0.7,0.42,1.54,11.55
135,23,Ch,2.79,13.97,6.43,0.7,2.1,2.51,0.35,0.24,1.4,1.26,0.7,1.68,13.27
136,23,Ni,2.25,9.01,4.51,0.68,1.01,2.25,0.41,0.34,2.7,1.24,2.25,1.59,11.12
137,23,Ch,3.07,20.95,4.54,0.88,1.4,2.99,0.47,0.31,2.18,1.64,1.08,1.83,7.68
138,22,Ch,1.68,17.46,4.89,1.4,1.4,3.49,0.4,0.28,1.4,2.79,0.56,0.84,13.97
139,24,Ja,6.14,43.31,5.05,2.89,4.33,3.01,0.89,0.81,1.46,1.32,3.01,1.83,11.12
140,23,Ch,6.14,15.36,4.19,1.4,1.4,2.79,0.46,0.3,1.12,0.92,1.02,1.09,13.97
141,23,Sa,6.65,47.9,6.65,1.4,1.66,3.81,0.73,0.28,1.6,0.84,2.01,2.54,7.39
142,24,Un,20,100,11,7,8,5.15,2.48,1.92,1.12,4.2,5.13,3.55,17.3
143,20,Ch,3.7,11.03,4.18,0.84,2.03,2.42,0.65,0.51,1.14,1.68,0.72,1.82,17.3
144,22,Ge,12.46,62.32,9.35,4.15,4.15,3.33,2.47,1.91,1.17,1.67,2.39,2.98,12.14
145,22,Ch,2.79,20.95,4.19,1.12,1.96,2.68,0.41,0.25,2.28,1.08,0.58,1.07,12.14
146,22,Un,15.63,60,8.25,4.75,6,4.79,2.05,1.57,0.92,2.94,3.51,3.12,12.24
147,21,Al,2.71,21.67,4.69,1.81,2.27,0.95,0.5,0.19,0.87,0.16,1.18,1.42,7.7
148,22,So,6.03,35.81,4.9,3.02,4.52,3.28,1.29,0.72,1.98,2.59,4.02,1.96,13.57
149,25,Ca,14.89,67.01,9.68,5.77,5.96,3.56,1.8,1.37,2.2,2.82,2.94,2.91,11.45
150,22,Ch,3.49,27.88,4.89,0.84,1.68,4.1,0.49,0.31,1.25,1.22,0.88,1.73,18.58
151,24,Ch,2.1,16.76,4.19,0.77,2.23,3.21,0.44,0.28,1.73,1.67,0.71,1.45,17.46
152,21,In,3.06,12.24,3.06,1.84,3.67,1.56,0.35,0.18,0.67,0.45,0.71,1.03,3.95
153,21,Pa,1.23,6.68,3.34,2.23,2.9,0.7,0.18,0.15,0.53,0.35,0.69,0.82,2.83
154,22,Un,20,80,9.97,7,8,4.78,2.4,1.97,1.1,3.88,4.36,4.24,12.97
155,21,In,2.45,9.79,3.67,1.84,3.98,1.44,0.45,0.2,0.64,0.45,0.89,0.91,5.35
156,24,Ch,2.79,15.36,4.19,0.84,1.68,3.4,0.7,0.38,1.53,1.31,1.06,2.35,14.4
157,22,Ir,2.59,35.63,4.03,0.7,1,1.52,1.06,0.64,0.73,0.65,2.25,1.24,2.71
158,21,Br,5.59,37.27,6.52,1.49,2.8,1.48,0.98,0.7,1.03,1.44,1.61,2,8.45
159,21,Ch,4.19,20.95,4.4,1.12,2.1,3,0.42,0.28,1.4,2.1,0.94,1.68,5.59
160,21,Un,18,66.94,9,6,6,5.37,2.01,1.83,0.89,3.24,4.9,3.1,9.97
161,21,Ch,2.79,22.35,4.89,0.84,2.1,1.4,0.44,0.28,1.55,0.56,0.87,1.34,8.85
162,20,Et,7.6,30,4,0.75,1.3,0.78,0.72,0.47,0.91,0.57,1.98,2.11,8.12
163,24,Ch,6.5,55.29,6.5,2.6,3.25,4.68,0.47,0.27,1.34,0.75,1.91,1.78,3.84
164,18,Ch,3.54,19.45,2.74,1.33,2.43,2.68,0.97,0.52,1.56,1.19,0.92,1.91,8.78
165,22,So,5.28,27.52,4.37,3.02,3.77,3.5,1.24,0.69,2.75,2.7,3.91,3.35,9.49
166,25,Un,21,60,10,6,7,4.5,2.12,1.6,1.09,3.48,3.65,3.29,13.62
167,22,Ch,5.99,17.98,9,2,1.8,2.9,1.05,0.72,2.01,1.2,3.65,3.13,7.13
168,18,Ch,1.27,11.12,3.18,2.86,4.38,1.79,0.58,0.31,1.09,0.91,0.79,1.44,8.42
169,22,Ch,6.76,26.53,3.6,0.97,1.76,1.31,0.62,0.46,0.97,0.68,1.56,1.29,7.81
170,21,Ch,1.59,12.71,3.18,2.43,2.54,1.41,0.44,0.26,1.17,0.95,0.79,1.49,6.03
171,21,Ch,5.75,33.52,5.75,1.92,3.19,2.35,1.09,0.85,1.66,1.97,1.5,2.08,5.25
172,24,Ch,16.1,72.71,9.04,5.19,5.19,1.47,2.05,1.15,1.58,1.6,2.19,3.48,16.16
173,21,Un,18,72.5,9.4,6,7,4.92,2.58,2.03,1.03,4.02,4.9,3.17,12.78
174,21,Br,4.66,24.22,5.59,1.49,2.8,1.46,0.92,0.58,1.07,1.49,0.94,1.68,8.52
175,21,Ch,2.26,27.46,4.85,2.26,2.26,3.21,0.99,0.63,3.14,1.77,3.5,3.11,18.31
176,21,Ch,18,33.52,4.19,2.26,1.46,2.1,0.35,2.03,1.4,1.6,2.19,3.48,16.16
177,22,Ch,2.79,16.76,4.75,1.4,3,3.7,0.5,0.44,1.36,1.33,0.98,1.54,16.41
178,23,Ch,2.89,20.97,6.51,2.17,3.61,2.58,1,0.79,0.96,1.14,1.11,1.57,6.86
179,20,Ch,2.65,40,6.25,2,4.95,2.33,0.99,0.59,1.06,1.44,1.49,1.86,4.84
180,21,Ch,3.23,25.85,4.85,1.73,2.58,2.88,1.05,0.68,2.86,1.94,2.19,2.66,11.84
181,21,Ch,4.27,20.49,3.13,2,2.58,1.81,1.68,1.99,0.26,0.55,4.4,1.74,6.86
182,22,Ch,3.49,18.86,4.19,1.05,2.58,2.72,0.49,0.28,2.1,1.05,0.91,1.17,11.84
183,20,Ch,5.82,38.77,4.85,1.94,2.91,2.99,1.02,0.66,3.08,1.89,2.99,3.21,16.28
184,21,Ch,2.79,20.95,4.19,1.12,1.96,2.68,0.41,0.25,2.28,1.08,0.58,1.07,16.28
185,21,Ch,6.98,25.14,5.24,0.84,2.58,3.4,0.42,0.21,1.47,0.96,1.24,1.68,16.28
186,21,Ch,4.14,20.7,6.32,1.15,1.61,1.19,0.79,0.47,0.96,1.03,0.74,1.91,7.47
187,20,Ch,2.1,27.94,5.66,2.1,2.79,4.54,0.63,0.35,2.79,0.98,0.28,1.34,7.47
188,15,Un,19,87.5,12,8,8,4.88,2.11,1.67,1.28,3.7,5.62,3.35,12.15
189,21,Co,3.26,18.34,4.69,1.02,1.83,1.08,0.68,0.53,0.65,0.86,0.76,1.34,3.13
190,21,Ch,2.79,16.76,4.89,0.7,2.51,3.35,0.41,0.27,1.77,1.09,1.64,1.51,10.43
191,21,Ch,12.25,81.68,8.17,12.25,13.54,5.3,1.24,0.63,1.79,1.48,1.92,3.16,9.72
192,19,Do,9.04,37.99,7.24,2.71,4.52,2.05,0.84,0.54,1.29,2.12,1.24,2.19,6.92
193,23,Do,1.35,10.14,6.76,0.68,1.49,1.75,0.32,0.22,2,1.18,2.31,1.34,3.79
194,19,Do,4.19,18.16,5.59,0.84,2.1,3.6,0.42,0.28,2.41,1.86,1.05,1.95,20.13
195,21,Do,5,30,3.5,1.2,2.75,1.55,0.6,0.3,0.99,0.42,1.33,1.46,5.95
196,21,Ch,2.14,16.3,5.1,0.82,1.43,0.87,0.54,0.45,0.87,0.92,0.6,1.52,2.91
197,18,In,5.28,27.52,5.28,3.02,3.77,3.32,1.24,0.66,2.27,2.7,3.77,3.11,9.49
198,21,Eg,4.84,22.36,6.15,1.54,2.32,1.57,0.89,0.5,1.11,1.32,0.92,1.4,6.29
199,22,Au,3.96,31.67,3.17,1.11,1.58,0.87,0.74,0.4,2.3,0.52,1.45,1.69,17.95
200,22,Sp,0.79,23.75,2.06,1.11,0.87,1.58,0.59,0.48,2.11,1.03,0.85,1.9,9.49
201,20,Un,3.17,31.67,3.17,1.07,1.35,1.43,0.71,0.42,1.91,0.69,0.86,1.49,14.65
202,19,Ch,4.9,12.24,3.67,2.33,3.98,2.04,0.42,0.17,0.63,0.45,0.64,0.93,7.07
203,19,Ch,13.41,67.06,8.72,6.04,6.04,3.29,2.47,1.96,1.29,2.08,1.9,3.17,7.38
204,21,Ch,3.67,30.61,4.28,1.59,3.06,1.64,0.38,0.18,0.71,0.46,0.74,0.85,3.72
205,21,Ch,2.4,25.67,4.28,0.68,1.37,1.4,0.49,0.17,1.08,0.59,0.86,0.97,6.68
206,20,Do,5,20,7,2.25,2.95,2.32,0.52,0.29,1.53,0.76,2.12,2.02,6.1
207,20,Do,7.07,36.1,5.05,3.18,4.11,2.87,0.99,0.77,1.51,1.66,2.43,1.69,21.66
208,19,Do,1.91,19.07,3.18,2.77,3.5,1.75,0.47,0.24,1.23,1.09,0.89,1.39,8.9
209,21,Do,18.24,85.62,8.93,5.21,6.7,3.77,1.95,1.78,2.23,2.62,3.45,3.64,12.47
210,19,Do,1.91,13.35,3.18,2.86,4.13,1.79,0.59,0.27,1.28,1.04,0.8,1.7,8.42
211,21,Do,1.43,12.71,3.18,2.02,3.18,1.44,0.45,0.27,1.13,1.05,0.79,1.22,6.66
212,20,Do,15,69,8,5,6.5,3.78,2.17,1.58,1.04,3.13,6.11,3.34,12.49
213,20,Do,5.88,29.41,5.88,1.18,2.35,2.84,0.52,0.32,1.24,0.41,1.85,1.31,4.23
214,19,Do,7,40,6,1.3,2,2.2,0.72,0.47,1.61,1,1.51,1.8,8.08
215,23,Do,10,40,7,2.5,3,1.91,2.28,1.63,3.52,1.18,1.85,1.64,4.85
216,21,Do,4.54,23.05,5.45,0.56,4.19,3.45,0.37,0.3,2.23,2.68,1,1.5,16.59
217,20,Ch,17,70,8,7,5.5,3.88,2.83,2.06,0.98,3.04,4.61,3.81,13
218,19,In,14.5,65,9,5.5,8,4.47,2.28,1.69,0.81,4.08,3.92,3,11.01
219,25,Eg,16,75,8,6,7,4.89,2.43,2.07,0.94,3.36,5.85,3.68,14.21
220,21,Au,3.6,30,6.5,1,2.88,2.9,0.98,0.66,2.19,1.79,1.09,1.87,12.86
221,20,Sp,1.91,9.85,2.54,1.91,3.18,1.11,0.64,0.32,1.14,1.27,0.76,1.16,4.03
222,20,Un,1.23,8.91,2.67,2.23,4.46,1.69,0.23,0.18,0.61,0.47,0.84,0.86,5.2
223,20,Ch,4.54,34.92,6.98,1.75,4.19,4.71,0.59,0.38,1.82,1.4,0.61,1.68,6.29
224,16,Ch,1.21,20.03,5.21,0.81,1.62,1.89,0.43,0.27,1.34,0.59,0.99,1.36,10.48
225,18,Ch,2.45,15.92,4.28,2.94,4.28,1.65,0.72,0.19,0.74,0.55,0.62,0.95,4.31
226,20,Ch,17.5,65,8.5,5,7.25,5.48,2.35,1.95,0.98,3.22,4.53,3.14,11.14
227,19,Do,2,18,5.5,7,17.5,1.25,0.68,0.54,1.58,0.91,1.17,1.98,4.25
228,19,Do,17,70,8,7,5.5,3.88,2.83,2.06,0.98,3.04,4.61,3.81,13
229,20,Do,6.98,11.17,5.24,0.7,2.1,1.68,0.42,0.28,1.75,0.42,0.98,1.68,4.25
230,16,Do,3.5,42.5,7,2.5,3.5,2.53,0.78,0.62,0.95,1.69,1.3,1.67,5.34
231,19,Do,0.98,6.68,3.34,2.23,4.46,1.34,0.19,0.18,0.61,0.45,0.79,0.95,4.29
232,18,Do,16.77,67.06,9.36,6.71,6.71,3.3,2.47,2.12,1.59,1.92,1.8,4.01,7.27
233,20,Do,1.71,10.95,4.28,0.44,0.68,0.52,0.33,0.08,1.14,0.82,1.82,0.99,4.79
234,18,Do,3.06,10.41,3.67,1.84,3.49,1.09,0.39,0.19,0.67,0.42,0.79,0.9,4.79
235,18,Do,7.94,28.88,4.62,2.71,2.17,3.25,0.87,0.69,1.1,1.06,14.44,1.44,7.22
236,19,Do,9.89,43.8,5.14,1.25,1.98,1.76,0.82,0.52,0.81,0.63,1.48,1.44,7.08
237,19,Do,1.12,10.48,4.54,0.7,1.68,3.14,0.65,0.33,1.68,1.4,0.98,1.68,13.97
238,20,Do,1.34,10.02,3.56,1.56,2.23,0.91,0.2,0.13,0.57,0.45,0.74,0.91,3.63
239,20,Do,10.38,45.4,5.71,2.59,4.15,3.4,1.04,0.62,1.24,1.71,1.22,1.54,4.31
240,22,Do,4.72,51.68,4.83,2,3,2.88,0.77,0.62,1.91,0.75,0.93,2.46,15.63
241,19,Ch,3,17,3,0.85,1,1.03,0.4,0.33,0.65,0.87,2.63,1.06,2.38
242,16,In,10,50,10,1.5,2.25,1.74,1.07,0.81,1.83,2.33,1.13,2.07,5.31
243,17,Eg,3,51.68,4.19,2,2.25,3.49,0.35,0.21,2.1,0.87,1.4,2.07,27.94
244,16,Au,1.96,9.49,4.28,1.84,2.75,2,0.58,0.22,0.67,0.47,0.65,0.88,4.59
245,21,Sp,18,63.5,9.29,6,7,4.65,2.41,1.63,1.24,4.41,5.68,4.04,14.01
246,18,Un,6.32,31.58,5.26,1.26,2.53,1.96,0.72,0.38,1,0.31,0.95,1.32,6.33
247,21,Ch,15.58,62.32,9.35,4.67,4.21,3.8,2.99,2.31,1.33,1.91,1.9,3.64,11.69
248,20,Ch,5.82,14.69,3.06,2.63,4.28,2.45,0.38,0.23,0.72,0.51,0.75,0.9,6.12
249,19,Ch,3.37,28.91,4.82,0.77,1.35,2.18,0.67,0.35,0.67,0.53,0.8,0.92,13.97
250,19,Ch,2.79,27.94,5.59,0.98,2.3,3.41,0.44,0.26,2.28,1.58,0.93,1.4,8.38
251,21,Do,3.23,16.15,4.85,1.94,2.91,2.94,1.02,0.66,3.08,1.89,2.78,2.85,16.28
252,21,Ch,4,17.96,4,1.65,3.05,0.79,0.72,0.31,0.74,0.47,1.46,2.3,4.92
253,18,In,4.66,27.95,5.59,1.86,2.89,1.57,0.91,0.63,1.06,1.2,1.18,1.75,8.16
254,21,Eg,1.34,8.46,3.34,1.34,3.3,1.08,0.22,0.14,0.49,0.42,0.73,0.88,6.37
255,22,Au,10.56,42.26,5.49,2.11,2.54,2.53,1.85,1.6,1.53,0.99,1.61,2.7,7.21
256,22,Sp,14.02,62.32,9.35,4.67,4.15,3.51,2.69,2.19,1.18,2.34,2.23,3.69,11.94
257,20,Un,20,70,9,5,5,4.57,2.21,1.77,1.12,3.25,4.58,3.68,10.46
258,19,Ch,3.53,22.36,5.59,1.3,3.35,1.56,0.84,0.45,1.17,1.26,0.86,2.04,7.45
259,19,Ch,2.72,25.94,6.23,1.22,1.43,1.97,0.73,0.52,1.16,1.24,1.69,1.35,4.67
260,21,Ch,2.33,12.24,3.67,1.84,3.37,1.49,0.41,0.22,0.65,0.39,0.67,0.95,6.44
261,21,Ch,4,22,4.5,1.5,2.25,1.01,0.83,0.48,1.15,1.17,1.46,1.48,3.97
262,20,Do,3.54,26.52,2.65,0.88,1.24,2.39,0.68,0.4,1.64,1.24,0.88,2.09,6.66
263,20,Do,7.78,44.43,6,3.11,2.89,2.93,1.33,1.27,0.76,0.97,1.32,2.46,7.38
264,19,Do,3.27,16.33,4.08,1.63,2.04,0.82,0.52,0.3,0.45,0.41,0.9,1.34,4.08
265,21,Do,3,18.37,3.17,1.22,1.5,1.81,0.88,0.47,1.34,0.95,2,1.73,9.11
266,19,Do,15.58,72.71,9.35,5.19,4.93,3.34,2.51,2.53,1.11,2,1.95,3.02,14.45
267,21,Do,19,80,9.04,7,9,5.17,2.53,2.29,1.32,4.25,4.42,4.56,13.55
268,20,Do,12,70.5,8.5,5.75,6.99,4.42,1.83,1.72,0.98,2.99,4.24,2.94,10.74
269,20,Do,2.23,13.97,3.84,1.4,4.89,3.49,0.49,0.28,2.41,1.68,0.98,2.68,10.74
270,19,Do,7.93,38.35,5.63,1.92,2.05,1.79,1.09,0.91,1.06,1.34,1.64,2.74,9.91
271,23,Do,2.45,12.24,3.06,2.45,6.12,1.39,0.35,0.17,0.62,0.47,0.59,1.11,4.95
272,21,Do,15,60,8.38,4,6,4.12,2.18,1.57,1.11,2.95,4.17,3.31,15.35
273,21,Pa,6.65,53.22,7.98,1.6,1.59,3.77,0.73,0.22,1.57,0.71,2.48,2.99,8.65
274,22,Un,18,69,8.7,6,8,4.81,2.36,1.79,1.07,2.75,3.16,3.59,13.8
275,21,In,1.74,26.75,8.56,1.07,1.87,2.74,0.48,0.31,0.77,1.09,1.14,1.64,4.34
276,24,Ch,5,30,11,2.37,5,2,1.37,1.2,2.1,0.75,0.73,2.6,14
277,22,Ir,4.66,22.36,5.78,1.49,2.24,1.47,0.93,0.49,1.04,1.13,1.07,1.67,6.94
278,21,Br,15,60,7.58,4.5,6,3.91,2.08,1.65,0.79,2.56,3.31,2.63,11.76
279,21,Ch,12,45,7.5,3.5,5.5,4,1.92,1.25,0.81,2.05,3.58,2.17,7.72
280,21,Un,5.49,16.41,4.22,2,1.71,1.69,0.4,0.19,1.07,0.78,1.05,1.62,4.6
281,21,Ch,1.22,15.59,4.01,1.89,3.56,0.97,0.27,0.22,0.62,0.37,0.7,1.08,6.61
282,20,Et,9.83,49.13,6.35,2.46,4.09,2.69,1.24,0.69,1.27,0.7,1.76,1.76,11.28
283,24,Ch,2.45,7.35,2.45,1.53,2.82,0.92,0.34,0.11,0.67,0.31,0.67,0.91,3.86
284,18,Ch,3.67,9.79,4.59,1.84,3.06,1.64,0.38,0.18,0.72,0.46,0.74,0.85,3.72
285,22,So,1.59,9.53,3.18,2.38,2.54,1.31,0.41,0.2,1.11,0.95,0.79,1.27,6.03
286,25,Un,2.48,19.01,2.61,1.06,2.12,1.63,0.34,0.3,1.86,0.46,0.78,1.49,2.12
287,22,Ch,19,77.5,8,5,6,4.14,1.72,1.31,0.85,3.11,3.9,3.79,12.26
288,18,Ch,6.49,25.94,7.26,2.33,3.89,2.44,1.05,0.64,1.15,1.62,1.34,1.73,5.1
289,22,Ch,1.35,7.35,3.67,1.29,3.06,1.22,0.39,0.18,0.55,0.5,0.61,0.78,5.36
290,21,Ch,17.5,55,10.76,3,5,4.5,3.25,1.7,1.32,2.65,4.13,2.2,12.49
291,21,Ch,3.67,10.41,4.16,2.63,4.28,1.93,0.43,0.16,0.72,0.5,0.67,0.9,6.12
292,24,Ch,2.45,7.96,3.98,2.45,3.67,0.84,0.31,0.12,0.55,0.35,0.61,0.88,3.47
293,21,Un,5.71,20.76,4.51,1.82,2.08,3.37,0.74,0.52,1.14,2.13,1.68,1.8,7.26
294,21,Br,3.56,68.97,2.9,1,0.5,1.98,0.91,0.47,2.78,0.65,5.87,2.47,9.84
295,21,Ch,15,62.5,8.25,5,6,4.43,2.11,1.56,0.8,2.32,3.31,2.34,10.37
296,21,Ch,14.17,47.5,12.35,1.66,5.94,4.58,1.3,0.85,2.94,1.69,10.63,3.76,26.02
297,29,Ch,1.84,12.24,3.67,1.59,2.45,1.15,0.26,0.13,0.62,0.35,0.69,0.91,4.85
298,24,Ch,5.5,17.81,4,0.57,1.08,1.46,0.61,0.35,1.38,0.5,4.8,2.12,5.82
299,26,Ch,6.5,36.1,5.05,2.89,5.05,3.25,0.99,0.77,1.52,1.55,2.89,1.78,25.27
300,27,Un,15,60,10,4.5,5.5,4.78,2.12,1.83,0.89,2.99,3.55,3.33,8.07
301,26,Ch,8.5,35,8,1,1.7,1.25,1,1,1.09,1.15,1.3,1.97,4.21
302,29,Ch,4.33,21.66,4.98,2.6,3.25,1.08,1.21,0.94,1.37,1.6,3.33,1.88,14.75
303,25,Ch,1.58,9.24,3.38,0.79,1.06,1,0.31,0.23,2.25,0.86,2.93,1.41,1.58
304,26,Ch,0.95,6.36,2.86,2.54,1.59,1,0.64,0.32,1.29,1.33,0.6,1.16,1.58
305,25,Ir,2.45,15.92,2.94,0.98,4.28,0.73,0.44,0.14,0.68,0.34,0.6,0.95,3.2
306,23,Ch,6.03,26.39,6.03,2.45,4.52,3.14,1.41,0.84,1.56,2.74,2.29,1.68,30.16
307,27,Ch,15.58,62.32,9.35,4.15,4.15,3.53,3.14,2.88,1.26,1.91,2.39,3.34,13.59
308,25,Sp,9.83,39.3,5.73,1.31,1.97,2.82,0.94,0.58,1.1,0.68,1.6,1.65,14.74
309,24,Su,3.35,24.22,5.59,1.68,1.58,1.24,0.85,0.53,1.05,0.99,0.93,2.05,6.09
310,27,Ch,5.28,52.77,6.63,3.02,3.2,4.77,1.03,0.75,1.91,1.88,2.26,2.11,6.03
311,23,Ch,6.14,43.31,5.41,3.07,5.05,3.34,1.11,0.88,1.41,1.61,3.51,1.88,14.92
312,23,Eg,0.68,13.52,3.38,0.48,0.9,1.46,0.3,0.17,1.35,0.72,1.24,1.49,3.38
313,28,Un,4.46,19.93,3.52,0.81,1.35,1.09,0.49,0.31,0.8,0.5,0.93,1.12,6.07
314,26,Un,10,50,10,1.5,2.25,1.74,1.07,0.81,1.83,2.33,1.1,2.07,3.64
315,26,Ch,8.17,54.45,8.17,10.89,10.89,4.83,0.85,0.3,1.74,1.28,1.82,2.71,9.07
316,24,In,23,80,10,6.5,7,5.75,2.37,2,0.99,3.44,4.22,2.62,9.7
317,24,Ch,7.78,53.19,5.19,2.08,2.72,2.38,0.87,0.8,1.15,2.13,1.34,1.89,7.26
318,25,Ch,16,70,10,6,8,4.5,1.56,1.3,1.36,3.52,5.38,4.25,12.86
319,26,Ch,6.03,26.39,6.7,1.5,2.25,1.68,0.42,0.28,3.35,0.92,0.62,1.99,11.17
320,25,Ke,5.19,38.96,6.49,10.39,10.39,4.88,0.9,0.3,1.66,1.16,2.04,2.7,6.98
321,24,Ch,3.06,14.84,3.67,1.84,2.47,1.69,0.38,0.24,0.75,0.52,0.91,1.02,5.67
322,23,Ch,4.4,29.35,4.4,1.47,2.2,2.1,0.74,0.35,1.01,0.55,1.11,1.68,5.69
323,26,Me,4.38,27.95,6.5,1.12,2.05,1.53,0.81,0.41,0.98,1.32,1.05,1.77,7
324,26,Un,1.4,7.49,4.68,4.68,8.19,1.01,0.27,0.2,0.61,0.36,0.53,0.94,6.55
325,23,Un,2.02,8.88,4.16,1.84,1.84,1.51,0.43,0.16,0.74,0.47,0.65,0.88,9.79
326,24,Ca,20.77,83.1,9.61,6.23,5.19,1.84,2.73,1.3,1.49,2.27,2.72,3.54,14.14
327,23,Ch,15,50,8.5,4.75,6,4.14,2.28,1.94,0.8,2.55,3.97,2.75,8.81
328,25,Ch,15.53,74.56,9.32,6.52,6.99,3.47,2.38,2.06,1.91,2.12,2.08,4.8,9.46
329,24,Un,7.96,31.86,7.08,2.21,2.65,1.86,1.8,1.22,1.2,0.64,1.86,2.29,7.03
330,26,Si,3.06,12.24,3.67,6.12,4.59,1.01,0.37,0.4,0.7,0.39,0.88,1.08,5.59
331,32,In,5,20,5.74,1.5,2.5,1.5,1.02,0.9,0.81,0.85,0.79,1.43,7.27
332,32,Ch,1.27,9.53,3.18,2.03,2.86,1.75,0.49,0.25,1.22,0.98,0.8,1.44,5.83
333,32,In,2.45,11.02,3.98,1.96,2.94,1.68,0.43,0.18,0.74,0.45,0.85,0.91,4.41
334,32,Ph,14,53.47,10.18,3.06,3.82,3.88,1.8,1.42,1.09,2.37,1.38,3.28,10.83
335,32,So,12.41,67.06,8.53,5.36,6.44,3.36,2.48,1.8,1.07,1.84,2.04,3.34,8.39
336,33,Th,4.69,36.1,4.33,2.53,3.97,2.79,1.11,0.85,1.3,1.62,6.03,1.49,7.87
337,31,In,4.2,25.02,6.44,5,4.2,0.9,0.33,0.21,1.3,0.73,1.69,1.96,5.22
338,32,Ch,5.12,18.63,5.22,1.49,2.8,1.44,0.89,0.56,0.8,1.4,1.12,1.91,8.45
339,31,In,5.71,25.94,5.45,1.56,2.59,2.33,0.89,0.54,1.15,1.62,1.26,1.73,5.1
340,34,Ch,3.06,16.3,5.1,1.02,1.53,0.98,0.53,0.4,0.7,0.77,0.76,1.45,3.28
341,30,Ja,10.62,37.17,6.37,1.86,2.65,1.89,1.22,0.83,1.54,1.02,1.88,2.55,9.42
342,32,Ni,3.06,7.35,3.06,2.02,3.67,1.99,0.44,0.16,0.71,0.41,0.51,0.88,4.08
343,32,Pa,5.59,40.51,5.59,1.12,4.19,3.49,0.52,0.32,2.68,2.57,1.18,2.17,18.01
344,31,Ba,7.32,29.28,4.1,1.17,2.34,1.76,1.07,0.69,0.91,0.76,1.02,0.81,3.78
345,31,Br,7.91,40.94,6.22,4.09,3.28,2.35,1.21,0.87,1.21,0.79,1.97,1.73,12.54
346,32,Ja,3.38,39.43,5.63,1.13,1.58,2.14,0.52,0.25,2.93,1.45,2.99,1.99,6.57
347,32,Ru,5.45,19.06,6.81,6.81,6.81,4.63,0.78,0.31,1.76,1.15,1.63,2.27,10.1
348,32,Ch,10.23,40.94,5.73,1.29,2.86,2.44,1.06,0.57,1.19,0.61,1.54,1.66,11.09
349,32,Me,4.28,12.24,3.06,1.71,2.2,1.35,0.39,0.16,0.61,0.24,0.57,0.93,3.18
350,30,Eg,13.1,32.75,4.91,2.46,2.21,1.97,0.96,0.53,1.13,0.77,1.52,1.38,10.83
351,30,Un,18.61,63.28,8.93,5.21,5.96,3.72,1.75,1.52,1.72,2.23,2.58,2.89,10.88
352,29,Tu,6.03,36.19,4.33,1.88,2.83,3.11,1.21,0.64,2.01,3.2,4.05,2.41,13.19
353,25,Ar,24,72.5,9.75,6,8,4.25,2.06,1.7,1.01,3.19,3.54,3.13,8.46
354,30,In,1.84,13.88,5.31,1.71,1.76,1.82,0.54,0.73,0.95,0.54,1.87,2.08,9.41
355,31,Ir,2.53,45,7.68,1.83,2.74,2.03,0.71,0.67,1.03,1.24,0.91,1.86,2.89
356,29,Ch,3.63,24.44,5.73,0.84,2.03,3.49,0.42,0.24,2.33,1.63,0.84,1.84,11.17
357,28,In,3.06,8.02,3.06,1.84,3.37,1.56,0.35,0.18,0.66,0.4,0.62,1.03,2.97
358,29,Pa,1.62,16.16,2.63,0.7,1.9,0.81,0.57,0.32,1.31,1.36,0.77,1.66,11.09
359,31,Ch,2.94,15,5.41,1.19,1.8,2.05,0.59,0.37,1.32,1.82,1.74,1.35,4.34
360,29,Fr,3.14,18.86,4.89,0.77,1.4,3.49,0.4,0.28,1.4,1.4,0.7,1.03,11.17
361,27,Un,3.35,22.36,5.59,0.84,1.86,0.84,0.84,0.56,1.15,1.02,0.95,1.34,6.89
362,30,In,16.44,66.54,4.31,1.17,1.64,2,1.04,0.89,1.51,1.18,1.21,1.9,17.53
363,28,Un,5,25,5,1,2,1.3,1,0.81,0.74,0.97,0.91,0.98,6.54
364,29,Vi,3,17,3,0.58,1,1.03,0.4,0.33,0.65,0.87,2.63,1.06,2.38
365,30,Ja,17,60,9,5,5.5,4.72,2.35,1.52,1.09,3.3,3.41,3.51,12.28
366,29,Ch,8.24,54.93,6.87,12.36,13.05,5.45,1.09,0.36,1.99,1.63,1.89,2.81,10.88
367,28,Br,7.98,31.93,7.45,1.33,1.6,3.73,0.72,0.27,1.65,0.71,3.79,3.54,5.85
368,30,Ch,5.78,43.31,4.69,3.25,3.61,3.19,1.17,0.77,1.36,1.43,4.78,1.69,10.78
369,25,Pe,1.35,11.26,4.96,0.68,1.13,3.73,0.39,0.23,1.65,1.13,4.78,3.38,10.78
370,31,An,2.45,15,5.51,1.35,1.6,1.1,0.32,0.2,0.55,0.51,0.54,0.9,3.06
371,32,Ch,8.19,32.75,6.55,1.97,1.97,2.54,1.1,0.76,1.05,0.64,1.74,1.68,11.17
372,31,In,9.83,49.13,6.55,2.62,3.68,2.48,1.61,0.88,1.26,0.7,1.51,1.57,10.71
373,34,Ch,6,82.74,3,1,1.5,1.5,1.92,0.8,1.03,0.45,2.08,0.98,2.4
374,30,Ja,7.16,33.93,4.9,3.02,4.52,3.28,1.71,0.8,1.8,2.64,2.26,3.92,15.83
375,32,Ni,7.92,54.63,7.92,2.38,3.17,3.28,1.09,0.8,1.85,0.41,0.82,2.03,11.56
376,32,Pa,5.59,33.54,6.34,1.3,1.86,1.6,1.09,0.67,0.92,1.39,0.99,1.95,7.52
377,31,Ba,1.59,12.71,2.86,1.91,2.51,1.05,0.36,0.18,1.12,0.89,0.75,1.47,6.98
378,31,Br,2.52,36.59,7.32,0.91,1.83,2.39,0.7,0.53,0.68,0.95,1.02,1.36,4.41
379,32,Ja,6.98,12.71,4.89,0.7,1.4,2.56,0.37,0.53,2.1,0.84,0.42,1.47,6.98
380,32,Ru,1.22,10.41,2.45,1.47,3.37,2.53,0.41,0.18,0.66,0.47,0.84,1.47,4.08
381,32,Ch,12.9,60.06,7.21,4.5,4.8,3.35,1.71,1.22,1.17,1.18,1.56,2.29,7.31
382,32,Me,10.38,41.51,6.75,2.08,2.59,2.77,1.05,0.76,1.22,2.02,1.64,2.12,7.43
383,30,Eg,4,24.51,6,1.1,2.42,1.51,0.74,0.72,0.98,1.55,1.33,1.81,3.44
384,30,Un,6.13,35.3,4.09,0.86,0.86,0.59,0.54,0.19,0.91,0.36,1.09,1.45,6.04
385,29,Tu,1.58,11.26,3.38,0.79,1.13,1.58,0.31,0.23,2.7,0.86,0.68,1.41,1.8
386,25,Ar,8.19,39.3,5.73,2.95,4.09,2.2,0.98,0.41,1.09,0.77,1.56,1.63,12.79
387,30,In,2.45,18.36,5.2,1.71,4.9,1.28,0.38,0.14,0.75,0.4,0.55,1.01,4.88
388,31,Ir,9.41,36.9,7.38,1.85,2.58,2.58,0.85,0.47,1.69,0.59,2.23,2.4,7.49
389,29,Ch,2.33,9.79,4.47,2.95,4.09,0.73,0.39,0.13,0.69,0.46,0.78,1.03,3.06
390,28,In,19.55,111.74,11.87,6.98,6.91,5.91,3.2,2.64,1.79,2.83,2.48,4.2,11.53
391,29,Pa,1.86,9.3,3.95,2,2.79,1.09,0.65,0.33,0.59,0.38,1.07,1.21,4.84
392,31,Ch,1.41,24.23,4.04,0.84,1.45,1.41,0.4,0.3,1.41,0.81,0.93,1.49,10.6
393,29,Fr,5.51,6.12,3.67,1.53,4.28,0.76,0.33,0.16,0.67,0.57,0.73,1.05,4.57
394,27,Un,17,67.5,8.5,5.75,7,4.7,2.22,1.9,0.95,3.3,3.11,3.13,11.6
395,30,In,3.17,31.67,12.67,1.27,1.58,1.72,0.87,0.63,1.7,0.57,3.56,1.81,4.57
396,28,Un,12.98,57.13,9.34,3.64,3.01,2.81,2.29,1.81,1.08,1.91,2.15,2.67,4.57
397,29,Vi,1.71,4.11,3.94,0.41,0.34,0.43,0.32,0.16,1.08,1.91,2.15,0.82,10.81
398,30,Ja,8.19,36.85,4.93,1.19,2.13,2.54,1.03,0.42,1.28,0.79,1.8,1.72,10.81
399,29,Ch,7.5,37.52,6.95,1.5,2.25,2.84,0.94,0.47,1.37,0.65,2.38,2.29,7.18
400,28,Br,16.5,70,8.75,5,6.5,5.08,2.2,1.91,1.05,3.91,4.64,3.38,14.58
401,30,Ch,25,57.5,9.75,6.5,8,5.07,2.15,2.01,0.92,2.52,3.3,2.2,11.16
402,25,Pe,2.79,16.76,5.59,0.7,2.1,2.33,0.52,0.28,1.44,1.54,0.84,4.69,13.27
403,31,An,2.45,12.24,6.12,1.47,3.18,1.59,0.45,0.16,0.66,0.42,0.62,1.06,6.12
404,29,Ch,15.5,60,7.95,6,6,4.97,1.87,1.39,0.99,2.33,3.29,2.97,9.3
405,28,Ch,18.61,67.01,8.93,5.21,5.96,3.81,1.82,1.74,1.91,2.16,3.06,2.69,10.8
406,29,Ch,3.73,17.7,4.94,1.86,2.9,1.51,0.95,0.67,0.95,1.24,1.99,1.72,6.68
407,25,Ch,6.32,25.26,4.21,1.05,1.79,1.69,0.54,0.37,0.84,0.36,0.76,1.4,7.41
408,27,Ch,5.58,27.01,6.95,2.78,2.78,2.44,3.44,1.65,1.38,0.42,1.28,2.39,8.09
409,29,Un,11.12,39.52,4.68,1.17,1.46,2.05,0.97,0.79,1.17,0.82,0.97,1.9,6.29
410,26,Ch,5.33,23.69,3.85,1.42,1.78,1.81,0.55,0.29,0.7,0.37,1.2,1.53,6.59
411,24,Vi,2.78,15.45,4.63,1.54,2.16,0.78,0.52,0.24,0.43,0.16,0.78,1.07,8.63
412,28,Ch,1.84,7.35,3.37,1.53,2.14,0.92,0.31,0.12,0.7,0.64,0.55,0.91,5.23
413,27,Ch,6,26.4,5.97,1.61,3,2.73,0.81,0.73,1.13,1.57,1.47,2.4,4.9
414,30,In,6.14,28.88,4.76,3.61,3.61,2.79,0.89,0.74,1.3,2.29,2.89,1.73,16.12
415,25,Ma,2.29,22.95,7.65,2.37,3.06,1.44,0.44,0.18,0.76,0.5,0.79,1.56,7.89
416,26,Ch,9.83,40.94,6.55,2.05,2.54,2.2,0.98,0.46,1.09,0.67,1.72,1.69,11.4
417,27,Co,8.92,32.43,5.19,1.82,3.89,2.57,1,0.67,1.39,1.98,1.3,2.06,5.88
418,26,In,11.46,49.13,6.34,1.8,2.78,2.56,1.16,0.52,1.25,0.75,1.71,1.59,11.65
419,27,Ch,15,60,7.77,5,6,4.93,2.12,1.66,0.93,3.43,4.33,3.22,8.93
420,25,Ch,8.5,30,8,2,1.7,1.25,1,1,1.09,1.15,1.3,1.97,4.21
421,26,Ch,2.45,9.79,3.67,1.84,3.98,1.44,0.24,0.12,0.51,0.45,0.69,0.83,3.37
422,26,Ch,3.98,14.69,3.37,3.37,3.67,1.92,0.48,0.37,0.66,0.46,0.81,1.08,4.05
423,26,Ch,2.45,20.38,4.38,1.22,1.89,1.42,0.62,0.65,0.95,0.87,0.68,1.77,3.15
424,27,Ch,6.03,26.39,6.03,2.11,4.52,3.14,1.13,0.75,1.56,2.74,2.29,1.68,30.16
425,27,Ch,5,30,5.5,1.9,2.32,1.9,0.76,0.83,1,1.46,1.09,1.92,3.7
426,28,Ta,1.91,12.71,2.86,1.91,2.51,1.81,0.53,0.3,1.12,0.93,0.75,1.52,6.98
427,25,Ch,0.68,11.26,3.38,0.45,0.56,1.58,0.23,0.23,1.35,0.86,2.25,0.72,9.01
428,28,Ho,5.26,14.58,6.32,1.15,0.84,1.4,0.59,0.48,0.79,0.3,0.83,1.3,5.68
429,28,Ch,3.96,30.38,9.5,1.98,3.17,2.38,1.5,0.85,2.41,0.53,0.91,2.19,15.83
430,26,Ch,16.44,66.54,4.31,1.17,1.64,2,1.04,0.89,1.51,1.18,1.21,1.9,17.53
431,27,Sa,1.22,8.15,2.65,1.98,3.17,1.02,0.24,0.12,0.61,0.53,0.57,0.98,2.44
432,26,Ch,5.41,21.64,4.06,0.84,1.35,1.21,0.62,0.46,0.91,0.57,1.35,1.31,6.79
433,28,Ch,12.5,45,10,2.5,3.5,3.67,1.5,2.67,1.4,1.43,4.71,5.33,15.22
434,29,Ch,3.73,18.63,5.59,0.93,1.86,1.18,0.78,0.35,0.81,1.21,1.11,1.91,7.17
435,24,Ch,1.04,7.35,4.32,1.22,3.98,2.14,0.38,0.17,0.53,0.4,0.67,0.74,5.45
436,26,Ch,1.34,15.59,3.56,2.23,4.46,1.37,0.24,0.18,0.72,0.46,1.03,1.01,4.29
437,27,Un,1.47,8.26,4.28,1.87,3.06,1.53,0.29,0.15,0.63,0.45,0.67,0.91,5.51
438,26,Ch,15,57.5,8,4.5,7,5,1.86,1.63,0.66,2.78,4.53,2.54,9.68
439,29,Ch,20,75,8,4,6,4.63,2.31,1.35,1.2,4.15,4.21,3.27,14.01
440,25,Ch,12,85,15,4.5,6.5,2.77,2.04,2.25,1.5,1.67,2.68,2.8,2.97
441,26,Ch,4.67,24,5.19,7.52,2.33,3.11,0.93,0.64,1.23,1.89,1.45,3.08,6.23
442,25,Ir,7.37,29.48,5.27,2.46,1.97,2.46,0.92,0.36,1.3,0.72,1.75,1.62,12.45
443,23,Ch,18.61,61.42,8.93,5.21,5.96,3.67,2,1.5,1.82,2.17,3.05,2.87,11.22
444,27,Ch,1.34,17.82,2.67,1.34,1.11,1.41,0.23,0.18,0.56,0.35,0.76,1.23,2.28
445,25,Sp,2.69,15.37,4.36,1.92,2.82,2,0.53,0.36,1.14,1.49,0.94,1.69,5.42
446,24,Su,1.8,9.57,3.38,0.9,1.58,0.83,0.36,0.23,2.48,1.18,3.24,1.5,2.28
447,27,Ch,17.48,87.39,15.15,7.72,8.16,3.57,2.35,1.9,1.78,2.09,2.75,3.84,14.06
448,23,Ch,3,24.07,5,1.13,2.75,2.1,1.07,0.45,3.07,1.93,1.46,2.08,20.94
449,23,Eg,12.38,76.21,8.57,6.67,6.67,3.87,2.28,2.05,1.43,2.74,2.73,3.62,9.32
450,28,Un,1.11,6.12,2.08,1.84,3.49,1.09,0.37,0.12,0.67,0.42,0.73,0.9,4.79
451,26,Un,9.63,46,6.88,2.48,2.75,1.83,2.23,1.61,1.19,1.1,2.38,2.53,8.35
452,26,Ch,3.98,11.06,4.97,1.19,1.49,1.2,0.41,0.28,0.72,0.41,1.58,1.57,5.79
453,24,In,3.37,28.91,4.82,0.77,1.35,2.3,0.67,0.35,0.83,0.53,0.8,1.57,13.97
454,24,Ch,4.31,30,7.9,0.97,2.5,1.67,0.86,0.86,2.28,0.68,0.94,1.83,5.79
455,25,Ch,11.4,20,2.67,1,2,1.06,1.56,1.57,1.45,0.5,1.87,4.8,5.79
456,26,Ch,19.22,83.1,10.39,5.9,5.19,3.54,2.74,2.48,1.24,1.59,2.06,3.69,13.47
457,25,Ke,1.36,10.85,3.25,1.08,1.63,1.46,0.35,0.18,1.15,0.64,0.66,1.77,7.4
458,24,Ch,8,50,7,2.5,4,3.31,1.66,1.34,1.58,2.14,1.92,2.13,7.45
459,23,Ch,7.32,35.13,4.68,1.76,2.05,1.68,0.9,0.71,1.01,0.85,1.33,1.73,6.57
460,26,Me,14.89,55.84,8.26,4.47,5.21,3.4,1.79,1.56,1.34,1.92,2.84,2.77,9.06
461,26,Un,15.01,79.17,11.48,0.87,1.58,2.38,0.79,0.67,1.91,1.49,1.64,2.85,8.71
462,23,Un,20.11,108.58,12.06,9.9,9.55,4.55,3.1,2.83,2.06,3.41,3.16,4.05,12.02
463,24,Ca,1.98,19.89,7.92,0.79,2.38,3.69,2.38,1.27,1.8,0.71,1.74,1.65,7.07
464,23,Ch,13.5,83.1,9.35,7.27,8.31,4.24,2.69,1.78,1.02,2.35,2.24,2.45,7.5
465,25,Ch,6.24,25.99,4.81,1.3,1.82,1.42,0.71,0.5,0.91,0.41,1.25,1.88,7.89
466,24,Un,3.17,26.13,4.75,0.95,2.77,3.96,0.65,0.49,1.6,1.43,1.2,1.89,2.85
467,26,Si,10.39,51.93,7.27,4.15,3.12,2.88,1.28,1.24,1.37,1.15,2.22,2.45,10.04
468,24,My,9.87,51.93,6.23,4.15,4.15,2.92,1.87,1.6,1.4,1.35,2.09,2.29,9.69
469,22,Ch,14.89,59.56,9.31,5.21,5.21,3.45,1.55,1.09,1.55,2.44,3.29,2.66,11.96
470,22,Ch,3.26,25.59,5.12,3.02,3.72,1.73,0.52,0.33,0.71,0.41,1.29,1.27,7.78
471,25,Ch,1.94,21.04,3.27,0.58,2.46,2.18,0.44,0.68,0.8,0.68,1.28,2.67,8.06
472,24,Br,12.46,51.93,7.27,4.15,5.19,3.4,1.89,0.52,1.58,1.14,2.28,3.82,10.6
473,22,Ch,8.31,46.74,7.27,2.08,2.6,2.47,1.98,1.6,0.93,1.31,1.51,2.63,11.7
474,23,Ch,14.89,72.96,8.93,4.47,4.84,2.48,1.22,1.33,1.82,2.34,2.69,2.78,11.56
475,23,In,18.7,83.1,9.87,6.23,6.23,3.71,2.31,1.78,1.25,1.83,1.46,3.23,8.75
476,23,Eg,12.46,51.93,7.27,2.6,3.12,1.94,1.7,1.17,0.86,1.31,1.26,2.57,8.85
477,21,Au,10,60,6.1,3,4.82,3.51,2.99,1.07,6.81,1.34,2.57,1.87,15.59
478,22,Sp,4.15,23.5,4.84,1.38,2.07,1.9,0.88,0.47,0.82,0.74,0.98,1.5,6.05
479,22,Un,12.46,62.32,7.27,4.88,4.67,3.38,2.07,1.72,0.99,1.12,2.01,2.27,9.43
480,24,Ch,9.17,66.68,8.89,5.56,6.95,1.88,0.67,0.94,3.06,2.22,1.85,3.45,19.82
481,23,Ch,12.43,62.13,8.7,6.21,6.21,3.24,2.36,2.17,1.9,1.91,2.06,4.05,9.43
482,24,Ch,15.42,73.77,8.82,6.37,6.71,3.24,2.24,1.73,1.38,2.01,1.82,3.61,8.54
483,23,Ch,6.48,45.39,6.48,1.95,3.24,3.3,0.93,0.68,3.47,2.74,0.98,2.75,12.89
484,22,Ch,8.78,35.13,4.1,2.34,2.63,1.84,0.91,0.69,0.94,0.98,1.45,1.87,7.09
485,24,Au,5.73,35.24,5.73,1.76,2.64,1.38,1.41,0.71,1.38,0.75,1.45,2.64,7.4
486,23,Ch,7.5,30,6,3,3.5,1.5,1,1,1.38,2,2.25,3.63,8.54
487,24,Ch,2.58,15.02,2.23,1,2,2.38,1.13,1.28,1.58,0.24,0.79,2.14,8.54
488,22,So,13.5,51.93,6.34,4.15,4.15,3.31,1.41,0.73,1.47,1.92,2.47,3.02,10.22
489,25,Ch,8.76,36.49,5.11,1.46,1.46,1.75,0.72,0.74,1.13,0.7,1.4,1.85,6.05
490,23,Ch,14.89,67.01,8.93,5.21,5.21,3.54,1.79,1.71,1.83,2.32,4.32,3.4,9.43
491,21,Ch,18.61,70.73,8.93,5.96,5.96,3.67,1.99,1.78,2.5,2.75,3.26,3.65,12.25
492,21,Mo,10.39,41.55,6.44,3.12,3.12,1.9,2.3,1.79,1.12,1.59,1.87,2.68,11.23
493,24,Af,6.43,42.88,10.72,0.86,3.43,2.14,0.68,0.57,1.82,1.29,0.93,2.4,32.16
494,22,Un,10.39,23.32,11.66,0.87,1.17,1.46,0.7,0.29,1.04,0.78,1.46,1.3,4.23
495,24,Ch,4.98,32.2,3.66,1.76,1.76,2.07,1.11,0.81,1.11,0.93,1.93,2.32,7.36
496,23,Ch,9.76,47.89,8.52,2.84,5.11,3.18,1.01,1.18,1.68,1.52,1.52,3.88,5.68
497,25,Jo,2.89,10.12,7.95,1.45,2.31,2.17,0.72,0.58,1.08,1.08,0.87,0.87,3.61
498,26,Ch,5.3,26.49,5.03,2.12,1.99,1.49,1.56,0.87,0.92,0.7,1.46,1.99,6.89
499,24,In,11.53,34.59,5.96,1.54,1.92,2.54,0.85,0.57,1.14,0.74,1.52,2.1,5.74
500,24,Ch,4.86,80,6.15,2.7,2.7,2.25,0.92,0.74,1.18,1.19,1.37,2.11,11.17
